shoe_id,name,type,brand,material,color,price
S1,Nike Running,Boots,Puma,Leather,Black,6839.7
S2,Skechers Boots,Formal,Puma,Canvas,Blue,2926.12
S3,Nike Casual,Running,Skechers,Synthetic,Green,9574.58
S4,Puma Boots,Running,Skechers,Mesh,Green,8370.86
S5,Adidas Running,Running,Reebok,Rubber,Blue,6888.06
S6,Skechers Boots,Formal,Skechers,Synthetic,Red,8493.07
S7,Adidas Formal,Sports,Reebok,Mesh,Red,5803.04
S8,Nike Formal,Boots,Skechers,Rubber,Black,3906.04
S9,Skechers Casual,Boots,Nike,Canvas,Blue,8865.36
S10,Skechers Running,Sports,Puma,Canvas,Red,3883.79
S11,Skechers Formal,Running,Reebok,Mesh,Blue,8283.79
S12,Puma Formal,Formal,Puma,Canvas,Green,2232.35
S13,Skechers Casual,Formal,Adidas,Canvas,Black,2997.66
S14,Skechers Boots,Running,Reebok,Rubber,Blue,4654.62
S15,Nike Sports,Running,Adidas,Synthetic,White,5598.56
S16,Puma Sports,Formal,Skechers,Mesh,Black,2913.97
S17,Nike Formal,Boots,Reebok,Mesh,Blue,6601.72
S18,Puma Sports,Formal,Reebok,Rubber,Blue,3586.06
S19,Reebok Formal,Formal,Puma,Synthetic,Black,9084.12
S20,Nike Boots,Running,Reebok,Rubber,Red,3379.44
S21,Puma Formal,Sports,Skechers,Rubber,Black,3596.34
S22,Skechers Running,Boots,Reebok,Canvas,Black,8100.47
S23,Nike Formal,Casual,Skechers,Canvas,White,9479.29
S24,Reebok Boots,Boots,Skechers,Synthetic,Black,8595.19
S25,Nike Boots,Running,Puma,Synthetic,Green,8387.2
S26,Reebok Sports,Sports,Reebok,Canvas,Blue,4920.79
S27,Nike Formal,Formal,Puma,Canvas,Blue,2010.72
S28,Nike Running,Casual,Puma,Synthetic,Green,3451.05
S29,Puma Sports,Boots,Puma,Rubber,Red,4193.85
S30,Reebok Casual,Formal,Reebok,Mesh,Red,4630.22
S31,Adidas Casual,Running,Puma,Mesh,Blue,5106.63
S32,Adidas Formal,Casual,Nike,Leather,White,8270.89
S33,Puma Casual,Formal,Skechers,Leather,Green,6958.32
S34,Skechers Running,Running,Puma,Synthetic,Black,2988.49
S35,Reebok Casual,Sports,Adidas,Leather,Black,7765.76
S36,Nike Formal,Boots,Skechers,Mesh,Green,2703.03
S37,Skechers Running,Running,Adidas,Canvas,Green,5297.89
S38,Adidas Casual,Casual,Reebok,Leather,Red,9076.24
S39,Skechers Casual,Running,Adidas,Canvas,Green,4969.1
S40,Nike Sports,Running,Puma,Synthetic,White,5213.36
S41,Puma Formal,Formal,Puma,Canvas,Black,8891.04
S42,Skechers Formal,Casual,Nike,Rubber,Blue,4807.1
S43,Reebok Boots,Sports,Reebok,Synthetic,Blue,1289.76
S44,Skechers Running,Running,Adidas,Synthetic,White,9068.03
S45,Reebok Running,Running,Reebok,Rubber,Red,8249.87
S46,Reebok Boots,Sports,Reebok,Rubber,Blue,5268.5
S47,Puma Sports,Running,Puma,Mesh,Red,2351.27
S48,Skechers Formal,Formal,Puma,Rubber,Blue,8271.48
S49,Nike Formal,Boots,Puma,Canvas,Green,5694.58
S50,Skechers Boots,Sports,Adidas,Leather,White,5849.49
S51,Nike Casual,Sports,Puma,Rubber,Green,6812.66
S52,Puma Formal,Formal,Adidas,Mesh,Blue,5324.87
S53,Reebok Formal,Running,Skechers,Leather,Black,2403.25
S54,Nike Casual,Formal,Nike,Mesh,Green,2378.81
S55,Nike Sports,Casual,Nike,Mesh,White,2463.67
S56,Nike Formal,Boots,Reebok,Rubber,Black,2542.57
S57,Skechers Boots,Running,Reebok,Leather,Black,6527.56
S58,Skechers Running,Casual,Adidas,Mesh,Blue,8797.91
S59,Skechers Running,Sports,Skechers,Synthetic,Black,6056.74
S60,Puma Sports,Sports,Nike,Rubber,Black,4262.35
S61,Nike Running,Sports,Reebok,Mesh,Green,2503.26
S62,Adidas Running,Boots,Puma,Canvas,Green,9432.08
S63,Reebok Boots,Casual,Reebok,Mesh,Green,8255.25
S64,Reebok Sports,Formal,Skechers,Leather,Black,5316.99
S65,Puma Boots,Boots,Skechers,Leather,Black,3445.82
S66,Reebok Boots,Casual,Nike,Synthetic,Blue,8842.78
S67,Nike Running,Sports,Reebok,Synthetic,Green,2614.49
S68,Reebok Formal,Running,Nike,Leather,White,2557.5
S69,Adidas Casual,Running,Nike,Mesh,Black,5366.58
S70,Nike Sports,Formal,Skechers,Mesh,Blue,4852.17
S71,Skechers Running,Casual,Adidas,Mesh,Blue,5836.59
S72,Puma Running,Formal,Puma,Rubber,White,1301.8
S73,Adidas Casual,Boots,Nike,Rubber,Green,6481.06
S74,Adidas Boots,Casual,Puma,Leather,Red,6215.35
S75,Skechers Boots,Casual,Puma,Canvas,Green,7751.49
S76,Adidas Formal,Boots,Skechers,Leather,White,2913.15
S77,Reebok Formal,Casual,Puma,Mesh,Blue,4624.99
S78,Skechers Running,Formal,Nike,Canvas,Red,3324.46
S79,Reebok Running,Boots,Skechers,Rubber,White,5431.43
S80,Puma Running,Boots,Skechers,Synthetic,Red,5214.63
S81,Adidas Running,Boots,Puma,Leather,White,9640.3
S82,Reebok Formal,Boots,Adidas,Leather,Blue,3284.49
S83,Reebok Formal,Sports,Skechers,Rubber,Green,8653.53
S84,Skechers Boots,Running,Reebok,Mesh,Green,4055.1
S85,Skechers Running,Sports,Reebok,Rubber,Black,7044.87
S86,Nike Casual,Casual,Reebok,Mesh,Blue,5198.43
S87,Puma Formal,Running,Reebok,Rubber,White,1282.61
S88,Skechers Boots,Running,Puma,Rubber,Green,2050.48
S89,Nike Casual,Running,Puma,Rubber,Blue,8363.56
S90,Reebok Boots,Casual,Puma,Leather,White,8989.46
S91,Reebok Formal,Sports,Nike,Canvas,Black,1643.28
S92,Skechers Running,Formal,Puma,Leather,Red,6840.8
S93,Nike Formal,Casual,Reebok,Canvas,White,9990.15
S94,Nike Running,Formal,Reebok,Rubber,Black,8033.83
S95,Puma Sports,Formal,Adidas,Canvas,Red,5925.63
S96,Nike Running,Boots,Skechers,Rubber,Red,9661.07
S97,Adidas Boots,Formal,Nike,Rubber,Red,5913.68
S98,Reebok Sports,Running,Puma,Canvas,Blue,3197.55
S99,Skechers Boots,Running,Puma,Rubber,Black,4489.45
S100,Adidas Formal,Casual,Reebok,Mesh,Blue,8235.53
