user_id,name,age,gender,location
U1,Jimmy Cardenas,34,Female,North Kenneth
U2,Sean Byrd,50,Female,Petersenside
U3,Don Fernandez,22,Male,South Heather
U4,David Mcdonald,55,Other,North Shaneborough
U5,Carla Shaw,29,Male,Lake Kimberly
U6,Jasmine Smith,22,Other,North William
U7,Stanley Wood DDS,53,Other,Rhondaland
U8,Kyle Davis,29,Male,Vaughnfort
U9,Crystal Hall,58,Other,South Lori
U10,Erik Foster,18,Female,Matthewborough
U11,Curtis Sanders,30,Male,North Natasha
U12,Stephanie Lawrence,53,Male,Henryburgh
U13,Natasha Peterson,49,Other,Parksbury
U14,Julie Armstrong DDS,49,Male,West Joseph
U15,Carmen Johnson,41,Female,North Luismouth
U16,Joseph Weber,34,Other,Dianeborough
U17,Mr. John Villanueva MD,36,Female,Guerraburgh
U18,Erica Richardson,42,Female,South Moniqueland
U19,Wesley Morales,36,Other,Williamsville
U20,Bryan Pham,21,Other,Rileymouth
U21,Heather Thomas,42,Male,Brownchester
U22,James Mcdowell,51,Female,Port Roy
U23,Stephanie Contreras,22,Other,South David
U24,David Phillips,50,Male,Markbury
U25,Miss Anna Hays,54,Other,Terryhaven
U26,Lori Alexander,19,Female,Clarkside
U27,Brenda Barnes,53,Male,East Lisaview
U28,Michelle Stark,42,Other,East Tylershire
U29,Andrew Savage,40,Other,New Janiceside
U30,Richard Sawyer,57,Other,Ruizfurt
U31,Sheena Medina,24,Female,New Kariport
U32,Jasmine Mason,19,Other,Johnberg
U33,Kelly Stewart,36,Male,New Samuel
U34,Megan Carter,40,Other,Lake Kelli
U35,Taylor Hudson,19,Male,Johnsonport
U36,Nicole Williams,37,Female,South Jennifer
U37,Richard Lewis DDS,48,Other,Lauramouth
U38,Julie Green,43,Other,Duranmouth
U39,Michael Roberts III,41,Other,Lake Shane
U40,Meredith Conner,34,Other,Lake John
U41,Sarah Jimenez,44,Other,Holmeston
U42,Theresa Wilson,33,Male,Lake Thomas
U43,Henry Smith,34,Male,Port Christophermouth
U44,Connie Beard,23,Female,West Victoria
U45,Nathan Walker,40,Male,East Gloriastad
U46,Kristina Carlson,49,Male,Dunnmouth
U47,Erin Lloyd,50,Male,East Carla
U48,Sarah Love,57,Other,Smithport
U49,Edward Smith,60,Other,Smithstad
U50,Dr. Andrew Delacruz MD,31,Male,Patriciaville
U51,Erika Knight,23,Male,Jessicafort
U52,Kristen Cross,51,Female,North Jessica
U53,Brenda Payne,48,Female,North Andreafort
U54,Margaret Oneal,22,Female,West Ricardostad
U55,Jessica Wilson,22,Male,Austinstad
U56,Daniel Rogers,20,Male,Lake Kimberlytown
U57,Tonya Robinson,48,Other,West Williamfort
U58,James Vance,40,Male,South Loriborough
U59,Heather Howe,47,Male,Johnsonton
U60,Peter Lewis,23,Female,East Emily
U61,Chelsea Johnston,53,Female,West Michaelland
U62,Mark Shaw IV,52,Female,Sarahville
U63,Mary Kramer,31,Male,Brownburgh
U64,Michael Parker,52,Male,East Melissa
U65,Holly Watson,52,Other,Sandramouth
U66,Paul Crawford,23,Male,East Justin
U67,Felicia Gutierrez,44,Female,New Jamie
U68,Logan Marshall,54,Female,Lake Christopher
U69,Kevin Perez,59,Male,West Frank
U70,Jessica Hendrix,52,Other,Moranmouth
U71,Danielle Johnson,53,Female,Port Eric
U72,Angela Sullivan,20,Female,Dakotafurt
U73,Phillip Wang,28,Other,Anthonyfurt
U74,Larry Miller,45,Female,New Jeffreyburgh
U75,Kristi Avila,45,Female,Hannahfort
U76,Katherine Miller,55,Other,Monicaland
U77,Rita Hawkins,48,Other,New Katherine
U78,Joann Knight,18,Female,Carolyntown
U79,Eric Brown,60,Female,South Tammy
U80,Sean Evans,34,Female,New Christyville
U81,Dominique Fernandez,50,Female,Meltonfort
U82,Elizabeth Morgan,19,Female,New Madisonshire
U83,Michelle Dyer,47,Male,Katiehaven
U84,Mrs. Tiffany Sherman,22,Other,Thomasside
U85,Erin Scott,39,Other,Antonioville
U86,Jessica Taylor,52,Other,Knightville
U87,Susan Tucker,35,Female,Nicholsville
U88,Blake Richards,18,Male,Reyesfurt
U89,Chad Smith,58,Female,New Shane
U90,Lauren Olson,25,Female,South Sharonstad
U91,Stephanie Soto,35,Female,Emilyberg
U92,Mark Ortiz,44,Male,Lake Marcusville
U93,Amanda Clark,43,Other,East Anthonyville
U94,Jennifer Osborn,34,Female,Perezchester
U95,Christopher Jones,20,Female,New Lisa
U96,Carlos Bowman Jr.,40,Male,Melindaborough
U97,Louis Allen,25,Female,West Ian
U98,Kelly Lopez,24,Other,New Cherylfurt
U99,Kevin Holmes,23,Male,North Janetview
U100,Sean Escobar,53,Male,Lake Andrew
